age,experience,education,job_level,department,job_role,performance_rating,projects_completed,certifications,weekly_hours,overtime_hours,team_size,leadership_score,skill_match,years_in_role,promotion_count,employment_type,location_type,company_size,job_satisfaction,salary
24,7,Masters,Junior,Finance,Manager,1,2,3,56,7,3,7.912019568069206,7.832916888525792,3,1,Full-time,Urban,Medium,4,57545.519834300154
53,2,Bachelors,Junior,IT,Clerk,4,18,3,50,19,11,4.362620244225413,6.004962599455965,6,0,Full-time,Rural,Medium,4,51024.57536357257
43,14,Masters,Mid,IT,Engineer,1,19,1,44,18,2,8.641647448003596,8.726149003207734,2,3,Part-time,Semi-Urban,Large,2,91913.02625185288
32,3,Bachelors,Junior,Finance,Engineer,5,4,2,51,7,1,6.099317160165032,5.102623997711014,0,2,Full-time,Urban,Small,1,56080.46595741825
33,19,Masters,Senior,Finance,Engineer,5,7,9,31,19,13,4.301078422640284,7.2884230882802585,5,3,Contract,Semi-Urban,Medium,3,99002.18612857659
39,2,Bachelors,Junior,Sales,Manager,5,16,2,52,2,11,8.781503834995586,7.6258160197920954,9,3,Part-time,Semi-Urban,Medium,5,86006.4830587461
42,22,Bachelors,Senior,IT,Manager,1,9,9,50,4,10,4.73784830630519,6.802419287609062,1,4,Part-time,Semi-Urban,Medium,1,95924.75145143607
44,17,PhD,Junior,IT,Clerk,4,2,0,58,11,14,2.087653047467364,4.000179382539244,7,2,Full-time,Urban,Large,3,94988.86830651446
32,27,Masters,Senior,Finance,Clerk,2,9,0,43,7,12,8.821658392858112,4.911509754493142,2,4,Part-time,Semi-Urban,Medium,2,102044.47009824988
26,18,PhD,Mid,HR,Manager,2,19,6,39,4,14,1.2448165849083725,7.211891484160265,8,2,Part-time,Semi-Urban,Small,4,79999.0863659007
31,19,Bachelors,Junior,HR,Manager,5,17,3,43,8,12,6.333234030798911,7.650584312501736,8,3,Contract,Urban,Large,3,110570.93520580098
59,22,Bachelors,Junior,Finance,Manager,1,1,4,39,16,6,2.7617855225810515,6.850364795530266,1,4,Part-time,Rural,Medium,2,98856.22327721736
54,18,PhD,Senior,Finance,Analyst,2,8,3,46,4,7,8.617936175896244,1.594477282329439,1,0,Contract,Rural,Large,3,88743.30891469157
41,18,Bachelors,Mid,HR,Analyst,3,10,7,40,17,7,4.072910867986192,5.946919771745527,8,0,Contract,Rural,Small,2,94737.21459408083
44,11,PhD,Senior,Sales,Manager,1,11,2,49,10,6,4.928130397877579,9.021002992979863,5,4,Contract,Semi-Urban,Small,1,63999.333989453415
31,26,PhD,Junior,Sales,Engineer,3,15,0,45,3,14,9.526527602644045,1.452564289701779,9,2,Full-time,Rural,Large,3,110933.60475028618
36,10,Masters,Senior,IT,Engineer,2,13,7,57,5,9,5.7580563459962235,4.016001695338952,3,0,Part-time,Rural,Medium,2,68759.25838040296
39,26,Masters,Senior,Sales,Clerk,5,13,0,31,18,14,2.4252968256124143,8.432678147525259,2,1,Part-time,Semi-Urban,Medium,3,128057.51060264272
24,1,Bachelors,Junior,HR,Manager,5,6,3,50,0,12,2.684488847069387,3.232535906378296,0,3,Contract,Rural,Large,4,61432.531934723345
24,8,Bachelors,Mid,Finance,Analyst,4,8,9,46,14,3,3.1247401940790045,1.7850788290550135,4,3,Part-time,Semi-Urban,Small,4,63886.83478894502
25,18,PhD,Junior,Finance,Analyst,1,14,0,57,4,8,4.146377090922567,5.233688608852442,3,3,Part-time,Urban,Small,2,84367.8034215455
50,4,PhD,Senior,IT,Analyst,3,18,2,52,16,6,1.8191010520231559,6.6298238131625675,9,4,Part-time,Urban,Medium,5,59604.88962781824
24,5,Masters,Mid,Sales,Clerk,5,10,3,35,1,8,7.1888944204748,8.16068051705156,0,4,Part-time,Rural,Medium,2,66187.71104093667
26,24,Masters,Junior,Sales,Engineer,2,9,7,51,4,6,3.9289522527834913,1.6469535265339754,0,3,Full-time,Rural,Large,1,80620.29648462427
32,9,PhD,Senior,Finance,Analyst,1,13,6,50,4,2,2.8423348694039663,1.7684988946753597,0,4,Part-time,Urban,Medium,3,68734.5335430144
49,3,Masters,Senior,Finance,Engineer,2,13,8,47,19,14,8.515475771658998,1.153441904167154,8,3,Part-time,Rural,Medium,1,45598.606056659584
34,28,PhD,Junior,HR,Clerk,3,17,9,38,18,3,4.434546750515082,8.883045159891468,3,0,Full-time,Urban,Small,3,100393.20094238485
48,9,Bachelors,Junior,HR,Analyst,5,12,0,55,14,4,9.871865420197834,1.2338950052484141,6,2,Full-time,Semi-Urban,Large,4,77260.53942649593
30,16,Masters,Senior,Sales,Engineer,2,14,8,37,18,9,2.505524708194517,6.648829438937284,2,1,Part-time,Urban,Medium,4,82874.12003491927
21,10,Masters,Mid,IT,Clerk,4,18,6,46,10,4,5.521568666259384,6.361042049906997,8,0,Contract,Rural,Medium,4,94523.81912614778
46,20,Bachelors,Senior,Finance,Manager,2,10,9,46,12,1,1.2501431523910642,5.030340682464173,1,0,Part-time,Semi-Urban,Large,3,74045.55197134808
26,19,Bachelors,Junior,HR,Manager,4,13,3,35,18,8,9.262659018597793,9.068486159904595,2,1,Part-time,Semi-Urban,Large,2,91586.84241048331
25,9,PhD,Senior,HR,Analyst,1,1,6,53,2,7,6.149214740834806,2.481712673184968,4,1,Part-time,Rural,Large,5,72750.26994865677
45,0,Bachelors,Mid,IT,Clerk,4,15,0,31,18,2,2.367687856375311,7.969801917223194,5,1,Contract,Rural,Small,5,54365.450157043146
44,29,PhD,Senior,HR,Clerk,2,9,6,49,13,2,2.374385206133811,9.18538298776644,9,3,Full-time,Urban,Large,3,120428.84479145354
44,15,Masters,Junior,Sales,Manager,5,19,6,47,1,9,1.7241190652131269,9.721098491876678,9,0,Contract,Rural,Large,5,79884.43725546513
33,21,PhD,Senior,Finance,Engineer,2,6,5,56,9,8,6.296772001423455,5.761142369800473,5,3,Full-time,Urban,Medium,4,94857.14284518402
43,19,Bachelors,Senior,HR,Clerk,1,6,1,43,1,1,9.273139039648402,4.516912527297249,7,3,Part-time,Urban,Large,1,101754.4340724051
33,16,Bachelors,Senior,Finance,Engineer,1,1,2,41,0,2,5.429570880712997,8.666691131989062,3,0,Part-time,Rural,Medium,4,77785.60023909988
29,2,Masters,Mid,Finance,Engineer,5,11,3,30,12,8,6.617697503580607,6.441876245605233,1,3,Part-time,Semi-Urban,Medium,2,53485.948998306885
22,15,Bachelors,Junior,IT,Engineer,5,2,6,47,18,10,4.896770332126599,8.786507805174912,5,4,Part-time,Semi-Urban,Medium,5,93725.5796983365
40,18,Masters,Senior,Sales,Analyst,4,1,3,44,4,5,1.421983481454955,2.6432671816050237,6,0,Full-time,Urban,Medium,4,101624.90409938098
47,3,Masters,Mid,HR,Analyst,2,9,9,46,7,3,1.6055017586087226,4.919712211806937,9,3,Contract,Semi-Urban,Large,3,61784.15641277705
32,18,PhD,Mid,Finance,Manager,2,8,2,46,15,1,8.317461668755088,1.5827976892240165,6,2,Full-time,Semi-Urban,Large,1,92230.8188958239
22,26,Bachelors,Junior,Finance,Clerk,5,4,1,52,6,11,1.6730259597329908,4.112754269461447,4,0,Part-time,Rural,Small,3,114691.33108308673
43,21,Bachelors,Mid,Sales,Engineer,2,9,4,39,11,10,6.166889455668429,1.2625026124039382,4,1,Full-time,Semi-Urban,Large,3,88443.89259055315
35,2,PhD,Junior,Finance,Analyst,3,5,2,55,9,8,6.386020515528825,2.732435628100713,5,2,Part-time,Semi-Urban,Small,3,59399.94326924968
22,23,Masters,Senior,HR,Engineer,3,8,0,58,8,11,2.9530871299964065,7.910299697422971,9,1,Part-time,Rural,Medium,5,100551.44676690397
30,24,PhD,Mid,Sales,Manager,5,14,4,54,8,14,2.9403848499339222,7.5583677499964015,3,4,Contract,Urban,Small,1,96799.42614992961
21,8,Bachelors,Senior,HR,Clerk,5,5,6,30,2,6,2.4329785176385874,1.8670688257674568,2,3,Contract,Rural,Large,1,79576.46110855954
45,26,PhD,Junior,Sales,Analyst,3,3,4,52,7,7,5.161135601696814,3.6914464419052235,5,0,Contract,Semi-Urban,Medium,5,94991.87133198309
36,9,Bachelors,Senior,Sales,Manager,4,2,2,44,7,4,4.5081472188790235,9.98197362213435,5,2,Part-time,Urban,Medium,5,95470.51556544023
25,1,PhD,Mid,IT,Clerk,3,16,3,31,16,5,6.197173297568043,1.946247020390142,7,4,Full-time,Rural,Large,2,52068.66972203621
52,0,PhD,Mid,Sales,Analyst,5,16,5,30,12,3,9.804372629471708,4.326241774587137,6,0,Contract,Semi-Urban,Small,1,53211.86275897627
29,22,Masters,Mid,Sales,Clerk,5,11,1,57,8,6,1.9368993818432818,8.529514660958153,1,2,Full-time,Rural,Medium,3,97633.31697499307
40,20,Masters,Junior,HR,Analyst,5,13,9,35,7,1,5.650408290264599,7.337643818392933,2,0,Full-time,Urban,Small,2,105400.58087233611
43,2,Masters,Junior,IT,Analyst,1,14,6,32,7,2,3.7728321661189312,6.33284713969025,3,2,Part-time,Urban,Medium,2,47903.24873374723
44,11,Bachelors,Senior,Finance,Clerk,4,3,6,37,4,2,4.3935092995561815,4.986225961366271,3,2,Full-time,Semi-Urban,Small,3,76353.9804531957
46,6,Masters,Senior,IT,Analyst,5,11,9,45,8,6,6.172612048406189,3.04719048712738,5,0,Full-time,Rural,Large,4,81211.24063295904
22,12,PhD,Mid,IT,Manager,5,10,7,33,14,1,5.611802705991634,2.3770975968705774,4,2,Contract,Rural,Small,5,94741.31982223633
50,7,Masters,Mid,HR,Analyst,4,17,1,39,19,13,2.144753909200256,2.3149199876247795,1,4,Full-time,Semi-Urban,Small,3,50943.65789434999
24,16,PhD,Senior,IT,Engineer,1,2,2,57,12,14,2.949780940098442,1.723624306537754,8,2,Part-time,Semi-Urban,Medium,4,70877.13010794375
55,7,Bachelors,Junior,Finance,Manager,3,1,2,59,3,11,7.1747940706956985,3.866120138866088,0,1,Contract,Semi-Urban,Large,5,74161.138237335
49,28,PhD,Senior,IT,Engineer,1,3,6,48,18,13,4.051615276446746,2.042141382220972,6,2,Full-time,Semi-Urban,Medium,1,96472.18493511192
51,25,Masters,Senior,IT,Clerk,4,17,8,44,12,12,4.2618764949822125,7.316728585034278,8,1,Full-time,Urban,Large,3,104195.95079702334
34,2,Masters,Junior,Sales,Analyst,2,4,2,52,14,14,2.7483644257374733,3.2616980396187376,5,2,Contract,Urban,Medium,1,41862.402073279954
25,4,Masters,Senior,Finance,Manager,1,17,0,49,0,9,6.7532760076097915,6.645221611719597,4,0,Part-time,Urban,Small,5,63566.541941673306
21,17,Masters,Mid,Finance,Analyst,3,18,8,39,13,2,1.4400993939083506,1.4222640273195044,8,2,Full-time,Rural,Large,1,89728.81622669176
32,14,Bachelors,Mid,Sales,Engineer,5,11,6,48,13,5,7.295706153321367,4.983092500651492,8,0,Full-time,Urban,Large,1,83227.41715410317
24,24,Bachelors,Mid,Finance,Analyst,4,11,2,43,14,7,7.602303655115131,7.72266979651692,4,2,Full-time,Urban,Large,2,114036.50741093543
56,16,Bachelors,Mid,Finance,Analyst,2,4,9,34,6,3,6.64531059861657,3.564770516761924,7,2,Part-time,Semi-Urban,Medium,4,97797.03521873087
45,19,Bachelors,Mid,Sales,Manager,2,15,0,32,12,3,8.49413934737973,2.4546711936708836,2,4,Part-time,Urban,Medium,3,104949.74477978479
26,22,Masters,Junior,IT,Clerk,4,17,1,44,19,9,6.594911172729857,9.971953685454842,7,0,Contract,Urban,Large,5,120909.25559527567
42,26,Masters,Junior,IT,Clerk,1,16,7,39,11,13,7.079470694707039,9.986797456161689,4,3,Full-time,Semi-Urban,Small,2,118258.62764210107
48,23,Bachelors,Senior,Sales,Analyst,3,3,7,44,6,6,1.13898192250165,3.859071299140829,2,3,Part-time,Rural,Medium,3,94774.86748147063
48,4,Masters,Mid,Finance,Engineer,4,7,9,57,13,5,3.078136249729564,1.3479471064362016,9,4,Full-time,Urban,Large,3,46252.672777453
24,13,Masters,Senior,Sales,Analyst,3,16,0,38,15,6,5.4640515687711115,9.846390345469985,1,1,Part-time,Rural,Large,4,79999.71998333509
37,5,Bachelors,Junior,HR,Engineer,5,6,5,37,12,12,2.4228630557955153,9.926000224728636,2,3,Part-time,Rural,Medium,2,68190.06332546988
36,0,Masters,Junior,Finance,Engineer,2,2,9,32,19,11,4.723933345253367,7.973367265692505,9,1,Part-time,Rural,Large,5,70202.97406408438
56,6,Masters,Mid,HR,Engineer,3,4,6,54,8,1,2.490966655547888,4.153046251558811,5,0,Part-time,Rural,Medium,1,56504.62215741846
55,25,PhD,Junior,HR,Manager,4,6,6,47,11,9,5.311009310264259,2.1481508135816347,8,1,Full-time,Semi-Urban,Small,2,90458.79028656222
38,10,PhD,Junior,IT,Manager,1,10,6,37,7,12,6.195834777212245,5.578170141068485,0,1,Contract,Semi-Urban,Large,4,79245.63894649442
31,12,Masters,Senior,Sales,Engineer,2,9,9,56,1,10,5.181523407538381,9.858816480985,4,0,Contract,Rural,Medium,2,95518.10318472038
58,28,PhD,Senior,IT,Manager,4,2,9,36,11,11,8.218634838049274,7.090569745200096,7,2,Full-time,Rural,Large,5,133596.31853228938
36,18,Masters,Mid,HR,Manager,3,13,6,53,0,2,6.641045576184116,1.8378335249156557,8,2,Full-time,Semi-Urban,Large,3,98635.44580608289
50,3,Masters,Junior,Finance,Analyst,2,19,8,30,3,6,7.982277525355766,8.644853831188664,5,4,Full-time,Urban,Large,1,62997.10212278216
32,23,Masters,Senior,Sales,Analyst,2,16,1,37,0,12,5.987589483492663,6.035535074836769,5,0,Full-time,Urban,Large,5,85716.2315732968
42,21,Bachelors,Senior,HR,Engineer,4,17,9,44,5,13,4.696668626971787,9.1229689639091,3,1,Full-time,Rural,Small,1,92637.23138366271
42,2,Bachelors,Mid,Sales,Manager,4,12,7,33,1,12,7.437125137975019,4.910552616243548,4,4,Contract,Rural,Medium,4,49532.788277467276
49,4,Bachelors,Senior,HR,Analyst,1,15,1,32,6,11,8.722735474786601,3.555157687881596,7,1,Part-time,Rural,Small,5,69126.92470024452
40,6,PhD,Senior,IT,Analyst,1,10,9,51,10,14,3.3699307829566347,3.7160003134798494,0,4,Part-time,Urban,Medium,1,61775.131159132456
46,25,Bachelors,Mid,IT,Engineer,2,4,8,42,7,10,6.477867853472006,3.394342813921736,2,4,Part-time,Urban,Large,2,92125.07923017809
45,18,PhD,Mid,Finance,Clerk,3,12,9,33,16,4,2.326840843626408,2.1219634382476267,9,4,Full-time,Rural,Small,5,83162.19696952356
55,11,Bachelors,Senior,Sales,Engineer,4,19,6,56,10,5,4.712250900304789,4.477901081957958,7,3,Part-time,Rural,Medium,5,83356.73219865434
55,2,Masters,Mid,Sales,Clerk,2,9,0,41,1,12,3.4917636717008644,4.405479690029286,8,2,Full-time,Semi-Urban,Large,2,41523.339299736006
27,3,PhD,Senior,Sales,Manager,5,7,8,31,18,12,6.41704754521528,5.618502913649645,0,0,Full-time,Semi-Urban,Large,5,67979.25104159486
24,1,Masters,Mid,HR,Manager,3,18,3,45,7,5,5.195515696871711,5.18767221659839,8,4,Full-time,Semi-Urban,Small,2,57747.722356789774
45,11,PhD,Junior,IT,Manager,1,3,3,45,17,2,2.6614766909159338,6.814029719665246,7,0,Full-time,Urban,Large,2,78694.31235451423
54,29,Bachelors,Junior,HR,Analyst,4,10,6,36,2,10,6.078664282159437,2.349630547062418,0,2,Part-time,Urban,Small,5,119074.22093863435
36,27,Bachelors,Junior,Finance,Manager,4,6,6,52,19,4,2.5470818840445166,3.9109037448220185,6,1,Part-time,Urban,Medium,5,107000.16637783093
33,6,PhD,Junior,IT,Clerk,4,13,1,48,10,12,2.800110376382821,9.99158751303998,9,3,Part-time,Rural,Small,3,72728.0153920308
58,21,Masters,Senior,IT,Analyst,5,8,8,56,4,10,3.6664813677632613,7.181619953809142,1,0,Full-time,Rural,Medium,4,94994.42531233424
45,1,PhD,Senior,Finance,Engineer,5,10,3,49,16,1,7.150431781234471,9.573933813795884,5,1,Full-time,Urban,Large,1,70886.15235778953
51,7,Bachelors,Senior,IT,Engineer,5,1,7,51,2,11,9.351654895861135,8.527303455261652,6,2,Full-time,Semi-Urban,Large,2,76416.41904217511
27,2,Masters,Junior,IT,Analyst,5,5,2,55,12,10,1.6789465814799645,6.324302924670876,0,1,Part-time,Rural,Large,3,51401.11009108502
26,26,Masters,Senior,IT,Manager,3,8,0,46,11,2,8.886946109105374,4.40314079087732,5,0,Full-time,Semi-Urban,Small,2,100779.71505815815
34,1,Masters,Senior,IT,Clerk,4,6,3,47,5,9,6.322343914184859,9.590883654723047,5,1,Part-time,Urban,Small,2,51899.40429985251
25,4,Masters,Mid,Sales,Engineer,5,5,9,38,16,9,2.697264321932755,6.042316373092381,4,2,Part-time,Urban,Large,3,70389.04396964361
58,29,Masters,Senior,HR,Manager,5,11,8,48,5,10,8.468222078617485,4.771477846252296,2,0,Full-time,Rural,Small,5,125430.99549412024
28,15,PhD,Junior,HR,Clerk,1,11,1,32,8,4,3.716024259270383,2.9155633161777006,7,2,Contract,Semi-Urban,Small,4,80767.70023868361
37,11,Bachelors,Junior,Sales,Analyst,1,19,6,45,14,14,2.2908936763396914,5.923532589790058,8,2,Part-time,Urban,Small,5,76125.13278408776
55,14,PhD,Senior,Finance,Analyst,3,9,1,49,16,4,6.4193337290684065,2.887663406059143,2,2,Part-time,Urban,Medium,5,83143.52981633937
36,22,Bachelors,Junior,Sales,Engineer,5,11,9,41,9,4,3.5558369433676162,8.946620220927283,7,4,Full-time,Semi-Urban,Medium,2,98887.78120848036
43,10,Bachelors,Senior,Sales,Engineer,2,16,7,34,9,3,2.4745464887905797,5.274242071934983,6,3,Part-time,Rural,Medium,1,83240.63697511256
27,23,Masters,Mid,IT,Clerk,2,3,4,42,5,11,7.97242350378253,4.965613615756739,5,0,Full-time,Rural,Small,3,93128.15984269061
45,22,PhD,Mid,HR,Engineer,2,14,1,37,13,7,4.4583289669753166,5.377547721670894,0,4,Full-time,Urban,Large,5,88530.38623298038
48,15,Masters,Senior,Finance,Manager,4,14,4,47,0,13,7.126727426870676,4.356866868383973,9,2,Contract,Urban,Small,2,77297.96766893144
37,18,Bachelors,Junior,Finance,Clerk,4,2,0,41,15,5,5.812467950139822,3.75775989112738,7,3,Part-time,Urban,Large,4,99234.77981949267
22,26,Bachelors,Junior,IT,Engineer,1,9,9,47,6,14,8.841642941676746,2.1203192065345338,5,1,Part-time,Semi-Urban,Small,3,114815.0259895182
40,1,PhD,Junior,IT,Analyst,3,2,6,50,13,10,5.330083823536712,9.583490906970203,2,4,Contract,Rural,Small,1,63939.27291190096
57,15,Bachelors,Mid,IT,Manager,4,11,6,47,10,1,2.5070140896561752,5.042276684064841,3,3,Full-time,Semi-Urban,Medium,1,86709.74611053399
43,9,Bachelors,Junior,Sales,Engineer,2,14,9,30,1,14,3.9555065449777724,5.8798512631721005,9,3,Part-time,Urban,Small,4,84420.32806078429
52,14,PhD,Junior,IT,Analyst,1,17,1,59,17,11,9.862037065382399,8.282732053329596,3,1,Part-time,Semi-Urban,Medium,2,95516.31552937791
44,25,PhD,Mid,HR,Analyst,1,7,8,58,5,12,7.529104182204241,5.79039678932942,6,4,Part-time,Urban,Large,5,101745.58032939954
46,26,Bachelors,Mid,IT,Analyst,2,4,8,56,8,3,5.6740668292068674,5.213737137304161,5,0,Part-time,Urban,Medium,4,101127.55139397187
24,8,PhD,Senior,IT,Engineer,3,6,7,56,19,6,9.282809134073005,5.316371543648607,5,4,Full-time,Semi-Urban,Small,4,71944.45498645134
35,14,Masters,Junior,HR,Engineer,1,19,9,35,13,13,7.275041884267482,7.485768272898623,0,4,Full-time,Urban,Small,3,69277.96381174584
49,26,Bachelors,Senior,Finance,Engineer,4,17,1,40,5,11,4.1548396785217685,7.276017327225237,4,3,Full-time,Rural,Medium,2,117251.06047119205
42,1,Bachelors,Senior,IT,Engineer,2,5,0,32,16,13,1.9294661182822836,1.4908822338595606,3,4,Full-time,Semi-Urban,Medium,1,56891.52479891376
47,9,Masters,Mid,IT,Clerk,1,3,0,54,7,2,6.6189124495805,2.727342071923384,4,3,Contract,Semi-Urban,Small,2,67753.72293588857
37,29,PhD,Mid,Finance,Analyst,2,9,6,36,2,13,8.140049058126193,2.7847582788533574,9,4,Part-time,Semi-Urban,Small,5,100995.75899275023
28,11,PhD,Junior,Sales,Engineer,5,12,4,33,14,3,1.9859102475747439,5.02387228596621,8,1,Full-time,Rural,Large,4,69443.55699073419
29,28,PhD,Senior,IT,Analyst,3,2,9,30,6,7,5.003917063307892,3.6664494120601216,9,0,Full-time,Semi-Urban,Small,4,108891.65635778004
54,19,Masters,Junior,IT,Clerk,1,4,4,37,8,10,4.723238966526151,7.877431380093141,6,0,Full-time,Urban,Medium,2,76318.15662263792
32,14,PhD,Mid,Sales,Analyst,2,9,1,41,15,2,6.136263390594982,7.159643285871355,7,2,Full-time,Rural,Medium,1,97572.83533364061
30,21,Bachelors,Mid,HR,Manager,5,4,0,54,17,9,7.553821414288765,5.151107708724357,7,3,Part-time,Rural,Medium,2,120411.150664758
36,27,Bachelors,Senior,Finance,Clerk,2,18,9,35,8,1,6.205779531408492,7.781422373927959,5,2,Contract,Semi-Urban,Large,2,108761.48638012205
57,7,Bachelors,Mid,Sales,Clerk,1,2,7,47,17,3,4.654982469407856,3.8396395374961108,0,1,Contract,Urban,Small,4,46433.54991440319
48,14,Bachelors,Mid,HR,Manager,1,4,3,37,17,11,1.6354245614174858,9.87769007037171,6,1,Full-time,Urban,Large,2,71340.65264586353
46,25,Bachelors,Mid,HR,Clerk,5,2,8,42,15,4,5.987560937886688,6.999757618098662,3,1,Contract,Rural,Small,5,115012.27007960509
46,2,Bachelors,Mid,IT,Manager,3,3,2,39,4,9,8.063812269689418,6.053601513111939,1,3,Contract,Urban,Medium,5,54061.13408542374
21,11,Bachelors,Junior,Finance,Engineer,5,12,6,36,15,5,7.196147337914636,9.239637730564084,4,4,Contract,Semi-Urban,Large,2,80453.71261459154
23,2,PhD,Senior,HR,Clerk,5,1,1,37,10,2,2.244037868681165,9.717595762300089,6,0,Contract,Urban,Small,2,63044.15278344127
44,16,Bachelors,Junior,IT,Engineer,5,18,9,42,12,7,6.275317320115636,9.457339719296513,5,2,Full-time,Semi-Urban,Medium,3,109010.12498327145
48,14,PhD,Mid,IT,Manager,2,11,8,40,19,5,2.2974686626445724,2.0910105049274907,8,4,Part-time,Urban,Small,1,74459.68126855756
51,29,Bachelors,Senior,Finance,Manager,2,5,3,36,11,14,8.414394882683506,9.301310681266637,1,3,Part-time,Rural,Small,4,127968.96770020347
31,13,PhD,Mid,HR,Clerk,3,13,8,52,2,8,6.557704969387021,1.06647795674714,3,0,Full-time,Urban,Large,3,82322.4785174836
29,21,Bachelors,Junior,Finance,Manager,5,6,9,57,12,11,6.106541794517111,2.673031288085887,8,2,Part-time,Semi-Urban,Medium,1,90024.17934022017
58,17,Bachelors,Junior,HR,Manager,1,6,8,54,5,1,5.675067184501006,3.543917306553949,9,3,Contract,Rural,Large,4,69022.76795236574
26,1,Bachelors,Senior,IT,Clerk,3,8,9,36,12,3,2.6231049546220904,1.5013000030617865,2,2,Part-time,Urban,Small,3,53037.664958296235
44,27,PhD,Senior,HR,Clerk,1,8,8,52,14,4,9.918465337240246,4.085191814922007,6,0,Full-time,Semi-Urban,Large,1,110404.69551514667
41,6,Bachelors,Senior,Sales,Manager,2,8,2,46,7,9,4.69555786246583,8.096600553102732,5,4,Part-time,Rural,Medium,3,73916.47852618911
41,8,Masters,Mid,Sales,Manager,3,18,4,37,1,5,7.967351462043134,5.394132315498553,6,4,Full-time,Rural,Small,4,87418.31024064141
34,13,PhD,Junior,Finance,Engineer,5,14,7,55,14,8,1.9525356494070893,5.901315617596781,9,2,Full-time,Rural,Medium,5,82579.11439052323
51,21,Masters,Junior,HR,Engineer,4,7,2,57,3,9,7.460019853239725,6.070054748344365,1,0,Part-time,Urban,Medium,1,100561.08555125297
53,19,Masters,Mid,HR,Clerk,4,19,0,55,11,3,7.3454884642891,8.83902128769376,0,2,Full-time,Rural,Small,1,97581.31400952161
27,21,PhD,Junior,IT,Engineer,5,13,3,57,3,8,2.4853084587249037,3.436619223896862,4,4,Part-time,Rural,Small,3,100967.25152740114
41,27,Masters,Senior,HR,Clerk,2,8,3,57,17,4,8.49835248048495,8.93449275915965,5,0,Contract,Semi-Urban,Small,1,112080.74379147652
33,26,PhD,Mid,Finance,Manager,3,14,1,53,3,11,7.5568140446153755,2.036093784463057,4,2,Part-time,Urban,Medium,2,92308.12658597104
57,14,Bachelors,Senior,IT,Manager,4,3,9,40,9,10,7.7165926916921155,8.414387848302098,9,2,Contract,Rural,Large,4,103393.85810965463
52,8,Bachelors,Senior,Sales,Analyst,3,8,7,35,18,11,3.9711580100495656,3.870881983298765,7,1,Part-time,Urban,Medium,4,75173.21639000808
30,6,PhD,Mid,IT,Engineer,5,12,9,56,8,11,6.019136852320048,9.140243547269792,8,0,Part-time,Urban,Small,3,82725.4291090438
42,3,PhD,Mid,IT,Clerk,5,10,2,50,12,13,3.9456878657876744,8.446224015380688,3,3,Part-time,Rural,Small,5,64396.1566842445
26,26,Masters,Mid,Sales,Clerk,1,17,0,41,5,12,7.150920328745628,5.123772966305701,4,4,Part-time,Urban,Large,2,114986.44788831247
55,24,Bachelors,Mid,HR,Clerk,4,16,0,54,8,13,4.999186424699792,1.6785508522202401,8,3,Part-time,Urban,Small,2,89578.44744736409
25,12,Bachelors,Junior,Sales,Engineer,1,9,5,42,2,5,3.1588586062454445,5.432153487817631,7,2,Full-time,Semi-Urban,Small,3,60835.4427916266
28,4,Masters,Junior,IT,Engineer,1,17,0,52,1,10,3.8429364200791887,6.406888804700728,5,2,Contract,Urban,Small,1,64479.20298572006
30,6,Masters,Junior,Finance,Engineer,5,19,9,34,1,11,6.868990199427147,7.2515909192450305,5,0,Contract,Urban,Medium,3,73879.89930252118
48,1,Masters,Junior,Finance,Analyst,1,17,4,35,12,2,5.393269730678197,3.9431889908457998,0,4,Part-time,Rural,Large,1,45302.09651969316
57,24,Masters,Mid,HR,Engineer,2,7,2,31,10,12,7.548238492279203,4.775470608578623,1,2,Full-time,Urban,Medium,1,91726.80322257355
38,16,PhD,Junior,Finance,Engineer,3,15,3,36,7,2,1.9117407040284462,9.682937688925083,5,2,Contract,Semi-Urban,Small,1,96437.26593073855
53,23,Masters,Senior,Sales,Analyst,3,19,5,41,11,10,4.224973683903102,5.544575725419004,6,3,Contract,Rural,Small,2,86966.4645544059
55,25,Bachelors,Senior,HR,Engineer,2,6,4,46,3,12,6.6514806946435305,5.4824683535491125,7,1,Full-time,Rural,Medium,5,115306.44271890246
30,0,Masters,Senior,Finance,Engineer,1,5,2,50,13,2,8.56745127793492,1.14001698246267,9,2,Part-time,Rural,Large,1,49403.47165689012
41,22,Bachelors,Senior,Finance,Manager,2,7,3,40,15,12,8.602502805039956,8.123280107645241,0,3,Part-time,Urban,Large,4,118037.43893421424
39,20,Masters,Junior,Sales,Clerk,2,17,2,42,17,7,2.2750241052518083,2.226779420184311,7,1,Contract,Rural,Large,1,72070.15940947298
30,4,Masters,Senior,Sales,Analyst,4,8,3,45,14,10,1.8240520340764133,6.477917643879132,3,4,Contract,Urban,Medium,5,53118.55320673137
55,8,PhD,Mid,Sales,Clerk,1,2,6,32,13,7,1.7258945027482584,1.3482604354586294,5,0,Full-time,Urban,Medium,3,62926.807025298614
40,16,Bachelors,Mid,HR,Manager,5,9,2,45,7,10,2.066054945407486,8.905218896966934,7,0,Contract,Urban,Large,1,108809.31762176781
33,5,PhD,Mid,Sales,Clerk,5,3,4,53,10,7,2.6437223896660003,8.366868808493209,5,2,Part-time,Urban,Medium,2,74801.96495985785
50,24,Masters,Mid,IT,Analyst,4,8,5,47,6,13,5.993978500838104,1.3940196962735913,6,3,Full-time,Rural,Small,5,106390.80213636642
36,23,Masters,Mid,HR,Engineer,4,1,4,36,17,12,6.626758426001158,8.686868744117596,3,4,Part-time,Urban,Medium,1,116050.00091894227
51,24,PhD,Junior,Finance,Manager,2,13,9,44,9,3,4.851663875527888,4.251013691133304,6,2,Full-time,Semi-Urban,Large,3,90425.88030488786
40,12,Masters,Senior,Sales,Clerk,4,7,9,58,6,13,5.944319492078466,4.63232500691173,2,0,Full-time,Semi-Urban,Large,5,95098.10950037255
39,1,Masters,Mid,Sales,Clerk,3,6,3,30,14,8,2.3329228564102387,5.597170662475909,9,1,Part-time,Rural,Medium,3,69322.52765138133
28,5,Masters,Mid,IT,Engineer,3,5,8,45,19,10,7.029439351299151,4.549756334607835,9,4,Contract,Urban,Medium,5,59435.14695282855
53,16,Bachelors,Mid,Finance,Analyst,1,18,1,45,5,11,9.218042514730456,1.801527644582738,7,3,Full-time,Urban,Small,2,68236.87568822975
25,29,Masters,Mid,Sales,Manager,1,17,5,54,4,11,3.4691934196184824,9.702490885388737,6,3,Full-time,Urban,Large,5,104108.18248208497
38,18,Bachelors,Mid,HR,Manager,3,10,9,53,10,1,4.823088700441424,7.981917949857207,1,0,Part-time,Semi-Urban,Large,4,94901.39024027008
26,9,Masters,Mid,IT,Manager,4,17,0,34,2,3,5.150369607811654,7.926978205231026,2,2,Contract,Urban,Large,4,82637.7434540889
21,21,Bachelors,Junior,Finance,Engineer,3,9,6,58,7,12,1.5899891706854052,5.713641799347798,9,3,Full-time,Urban,Large,2,93665.35932990277
27,8,PhD,Senior,Finance,Manager,3,19,8,41,11,13,3.415747497371643,2.9029966122908486,1,1,Contract,Rural,Large,1,52745.34343212066
46,26,Masters,Mid,Finance,Manager,1,11,9,32,4,14,3.0904749502782325,3.923591202096988,8,0,Contract,Urban,Medium,3,107683.78439279462
41,5,Bachelors,Mid,Sales,Manager,4,19,9,36,11,8,3.236978726577854,8.678019902321992,4,0,Contract,Rural,Large,2,68355.60260936424
38,4,Bachelors,Senior,Finance,Engineer,4,16,5,41,4,2,4.226537789473314,5.213150149244818,3,1,Full-time,Semi-Urban,Large,1,60926.31796856709
27,21,PhD,Junior,IT,Clerk,3,12,7,59,10,9,1.1035325316305729,2.2476336044441,8,1,Part-time,Rural,Medium,1,87762.69285696349
29,13,PhD,Senior,Sales,Analyst,1,18,8,52,10,5,9.064508762470519,3.738848376730556,2,1,Full-time,Urban,Medium,4,71321.12681454718
23,10,Bachelors,Senior,Finance,Clerk,1,14,0,51,5,9,2.7461856897207824,4.3338063745417195,0,0,Contract,Rural,Small,3,58872.75333917084
28,27,PhD,Junior,Sales,Clerk,2,15,9,51,15,13,7.783013448429921,9.255549063299481,1,3,Contract,Urban,Medium,4,124769.67232438929
42,7,PhD,Senior,IT,Analyst,4,9,2,37,18,3,5.565417314889697,8.836824487279667,7,3,Full-time,Rural,Large,1,87770.60669962529
31,18,Bachelors,Junior,Sales,Manager,1,19,5,38,15,13,3.7762045622603413,5.791128766974654,8,2,Full-time,Rural,Large,1,75057.55908262992
42,20,Masters,Mid,Sales,Clerk,2,8,0,49,9,5,3.4230829885071756,7.255237163452805,6,0,Part-time,Semi-Urban,Large,5,103827.36758465054
29,19,PhD,Senior,Sales,Manager,4,14,3,41,19,2,1.2736903989984507,7.978379513160469,3,3,Full-time,Urban,Small,3,82419.74581479101
41,21,PhD,Mid,HR,Analyst,4,6,6,30,19,7,7.981610536148205,6.579058557946152,3,4,Part-time,Rural,Large,5,113084.48080568359
40,18,Masters,Junior,HR,Clerk,4,13,3,43,11,6,8.988697027822074,8.6942906427106,1,1,Full-time,Urban,Large,2,115097.8457990748
35,11,Bachelors,Mid,Finance,Manager,5,18,7,40,13,5,9.058329828104036,1.0409260626706118,8,1,Full-time,Urban,Medium,1,75766.44110330877
50,26,Bachelors,Junior,Sales,Clerk,2,10,5,44,16,7,9.283452357272592,8.345527235194423,4,2,Part-time,Semi-Urban,Medium,2,114413.0850395059
24,0,Bachelors,Senior,Finance,Engineer,5,3,3,56,15,13,6.810242436549538,4.927811725222925,7,1,Part-time,Semi-Urban,Small,2,52284.61650681705
45,14,Masters,Mid,Finance,Clerk,3,4,8,58,19,12,7.035704694162722,2.7556367406467217,2,3,Full-time,Rural,Medium,2,85449.46878293878
32,18,Masters,Junior,Sales,Manager,4,13,6,55,11,7,8.96790621786942,3.89181022835381,9,4,Full-time,Urban,Medium,5,102194.078491894
52,27,Bachelors,Mid,HR,Analyst,2,14,6,31,1,13,8.348200214543498,1.8725505523964823,0,3,Full-time,Urban,Small,5,110337.26087741928
26,25,Masters,Junior,HR,Manager,2,2,4,54,5,7,2.361405792156997,3.7418928351150718,6,2,Full-time,Rural,Small,4,83386.67719429509
31,15,Bachelors,Mid,Finance,Manager,2,3,9,44,1,1,8.98588698739885,2.728707274871692,5,2,Contract,Rural,Large,2,77414.33571724489
25,8,PhD,Senior,Sales,Clerk,2,5,2,37,7,9,7.88642111043439,2.691148387932084,5,3,Contract,Semi-Urban,Small,1,62746.799175952896
51,18,Bachelors,Senior,IT,Engineer,1,19,7,41,16,1,5.758167376614865,8.479403027953254,4,4,Part-time,Urban,Medium,2,93756.45101015878
37,4,PhD,Mid,Sales,Engineer,1,4,9,59,14,1,1.1731246359713399,2.3380096818952483,3,0,Contract,Urban,Medium,4,37920.73625424564
25,25,Masters,Junior,Finance,Clerk,1,7,4,35,3,9,6.681479890511971,3.8242188624026046,8,1,Full-time,Urban,Large,2,103581.5425253951
26,19,PhD,Mid,Sales,Clerk,1,15,7,33,12,5,5.0288113103654775,3.4954734948139627,3,2,Full-time,Rural,Medium,4,70968.37950414223
35,20,Bachelors,Junior,IT,Analyst,1,7,3,32,16,6,5.616557547678283,4.725041251945739,2,0,Part-time,Rural,Small,2,84783.60705001318
51,0,PhD,Senior,HR,Engineer,3,15,8,34,15,5,1.542859777041062,7.557456293544651,8,0,Contract,Semi-Urban,Small,4,46575.80732929464
54,5,PhD,Senior,IT,Engineer,2,12,0,35,7,1,5.138956688731695,2.678842462079346,3,3,Full-time,Semi-Urban,Large,4,44976.56764322691
29,6,PhD,Mid,Sales,Engineer,4,7,9,57,18,13,1.560751567636633,4.618225151683329,2,3,Part-time,Rural,Small,1,80215.62174965662
52,5,Masters,Mid,Finance,Analyst,2,4,7,46,6,1,3.950222875179527,4.750922255096979,3,2,Contract,Rural,Large,4,50233.3295812959
53,17,Masters,Mid,Finance,Analyst,3,16,4,32,3,12,8.837702110307493,5.835609459949573,6,2,Part-time,Rural,Small,2,91829.43346224699
43,21,Masters,Mid,Finance,Analyst,2,14,8,57,4,4,1.9348788802766255,8.091501910368207,4,1,Full-time,Rural,Large,1,90067.68117271847
50,7,Masters,Senior,Sales,Clerk,5,12,2,33,8,8,6.750607539781325,1.2914994415715926,8,1,Part-time,Rural,Medium,1,82611.40686966723
31,12,Bachelors,Junior,HR,Engineer,4,13,8,54,14,8,1.2336149384339634,3.9530102544188974,2,4,Contract,Urban,Medium,5,62649.22724373664
23,15,PhD,Junior,HR,Clerk,2,14,3,48,12,13,1.6731297647443593,7.058181882367158,3,2,Part-time,Semi-Urban,Medium,5,86989.94802358495
43,13,PhD,Mid,Finance,Analyst,5,5,8,42,5,2,2.6083409342561805,8.566991116392508,6,1,Contract,Semi-Urban,Large,1,98680.73027392718
34,1,Bachelors,Junior,Finance,Manager,4,14,4,54,13,6,6.216469583980986,9.757815532868001,0,2,Contract,Semi-Urban,Small,2,81686.8482234226
22,21,Bachelors,Mid,Sales,Analyst,3,2,3,50,11,5,9.654738093040367,3.929921663481867,8,4,Contract,Urban,Medium,3,92730.64408921861
35,23,Bachelors,Senior,IT,Analyst,4,9,1,50,4,1,9.264279208253761,5.668995103606127,8,2,Part-time,Rural,Small,3,123767.07333258112
32,10,Masters,Mid,IT,Manager,5,19,1,59,7,9,7.411196270626713,5.739356100897872,6,4,Part-time,Urban,Large,3,79724.42359170417
47,0,Masters,Junior,HR,Analyst,2,13,1,34,6,4,2.5586467116184113,4.489785638116498,7,2,Contract,Semi-Urban,Medium,2,63339.38947735821
23,3,Bachelors,Junior,IT,Engineer,5,12,5,35,8,5,6.558703533390786,7.6527237983151215,8,0,Full-time,Semi-Urban,Large,5,64224.97209136893
30,10,PhD,Senior,IT,Manager,2,2,9,33,13,5,2.1172291668897403,9.877912736754393,7,2,Full-time,Rural,Large,4,75140.72445099501
58,27,Bachelors,Mid,Finance,Manager,1,11,7,31,16,6,4.012796694804307,2.845185329484919,4,1,Contract,Urban,Large,5,88511.01909018622
56,16,Bachelors,Mid,HR,Manager,5,8,3,40,3,4,4.266143965127951,9.15685726509173,5,2,Part-time,Rural,Large,2,99380.37268323803
48,12,Bachelors,Junior,Finance,Engineer,4,19,6,33,3,9,8.505803364760865,4.747241355914609,8,0,Part-time,Urban,Large,4,78879.4929918584
40,26,Bachelors,Junior,Sales,Clerk,4,2,7,33,7,11,9.418315266775215,8.976063231373987,5,3,Part-time,Rural,Medium,2,109469.591144424
33,6,PhD,Junior,Finance,Clerk,3,13,6,50,14,2,8.213535963687224,3.9495907230393064,5,4,Part-time,Semi-Urban,Large,5,57367.044831334395
42,13,PhD,Junior,Sales,Engineer,2,4,9,53,15,14,7.477351706677641,1.469762267508517,0,3,Contract,Urban,Large,4,79701.06642768785
49,16,Masters,Junior,Sales,Clerk,1,18,8,30,11,13,1.0745572714106404,1.092739054567303,5,4,Part-time,Urban,Large,4,72843.84413689139
38,5,PhD,Senior,Sales,Engineer,4,6,5,41,11,14,7.4647738186941535,2.1199161175674,1,4,Contract,Semi-Urban,Large,4,78902.67315977503
32,8,Masters,Senior,HR,Engineer,4,10,1,40,15,8,9.424122676259868,8.7204230118844,8,1,Full-time,Urban,Small,5,85147.63029052115
47,28,PhD,Senior,Sales,Manager,3,18,9,31,0,12,9.080996856947714,9.766880565291412,5,0,Contract,Semi-Urban,Small,4,108156.25353529741
26,13,Bachelors,Mid,Finance,Clerk,5,9,9,57,16,8,6.281671553014926,1.9063722393276668,9,0,Part-time,Semi-Urban,Small,3,94964.31824020811
36,13,Bachelors,Junior,IT,Analyst,3,6,5,48,0,9,8.83710070284102,5.503207173323813,3,4,Contract,Rural,Large,5,74063.9493108296
54,2,PhD,Senior,HR,Manager,1,2,1,57,2,8,8.286027594779954,6.527359113183037,7,1,Contract,Rural,Small,4,68564.8585305996
47,22,Masters,Junior,Finance,Manager,5,14,3,45,14,7,1.252432771393297,7.914027754774425,4,0,Part-time,Semi-Urban,Small,4,106553.26607712261
53,25,PhD,Senior,Sales,Analyst,5,6,1,57,6,9,2.044429713614971,7.951111375094567,4,4,Full-time,Semi-Urban,Small,4,106011.76336372845
25,1,Bachelors,Mid,Finance,Manager,4,19,1,46,6,12,9.95287013469543,5.764354891070942,6,3,Contract,Rural,Large,5,80431.09600398057
32,20,Bachelors,Junior,Sales,Manager,2,3,3,35,1,4,2.3480005682706055,2.4183364612718377,6,0,Full-time,Rural,Small,3,72887.0043217968
29,28,Masters,Senior,HR,Manager,5,19,5,32,3,1,2.527042486027586,8.320361411109563,4,2,Part-time,Rural,Medium,2,114971.47617935906
37,21,Masters,Junior,Finance,Clerk,4,4,0,42,1,12,6.122859377379108,9.883976075704265,7,2,Full-time,Urban,Medium,1,104452.63066822423
24,15,Bachelors,Junior,Sales,Clerk,4,7,9,32,7,3,3.246641861898777,7.660470651188439,4,4,Full-time,Semi-Urban,Medium,5,97850.2066433249
23,9,PhD,Mid,HR,Manager,3,17,6,54,16,5,2.777141580873204,1.8580992017314917,7,2,Part-time,Urban,Small,3,61587.860622951
55,15,Bachelors,Junior,HR,Manager,2,5,0,42,5,3,2.6229327842634067,7.248853477988471,6,3,Contract,Urban,Large,4,89739.55695784956
40,4,PhD,Junior,Finance,Engineer,4,7,7,49,11,8,8.525436057569552,2.369503567550398,3,2,Contract,Urban,Medium,2,63169.840338630034
27,0,PhD,Mid,Finance,Analyst,2,12,9,52,4,12,7.419959911464092,5.116441787293962,4,4,Full-time,Urban,Small,5,67639.69005621684
41,22,Bachelors,Mid,Finance,Manager,2,16,4,57,8,3,6.211363011556953,6.145073515171452,8,3,Contract,Rural,Medium,1,108598.4512297627
42,22,Masters,Mid,IT,Engineer,4,19,6,34,3,5,9.239626273656516,8.876354884633678,4,3,Full-time,Rural,Small,1,103205.25213521693
30,6,PhD,Senior,Sales,Analyst,2,18,4,39,15,7,5.918653766916689,8.136402646733902,4,0,Full-time,Urban,Large,3,81734.33694299738
37,5,Bachelors,Junior,HR,Clerk,1,12,3,45,9,10,2.0671967828605142,1.7588890922112674,8,3,Part-time,Rural,Medium,4,54763.86369351404
25,4,Masters,Junior,Sales,Clerk,4,16,1,58,7,6,9.116349258585647,8.807959265440847,0,0,Full-time,Urban,Large,5,70959.90037711467
41,21,Masters,Junior,Finance,Analyst,1,5,4,43,8,11,2.2880705526130996,4.049582887674939,6,1,Full-time,Semi-Urban,Large,5,89951.57001782302
45,27,Masters,Mid,Sales,Clerk,3,18,1,40,4,11,5.5243929126596605,6.466675203854967,7,4,Part-time,Urban,Small,2,124511.40315728562
29,8,Masters,Senior,HR,Clerk,3,9,4,33,12,13,8.445968177652919,7.400105133450507,0,3,Full-time,Urban,Large,1,80866.09433779353
22,12,PhD,Mid,HR,Engineer,5,6,6,59,7,6,2.4777684814634573,9.369625381917277,3,3,Full-time,Semi-Urban,Large,4,76980.3189397642
52,7,Masters,Senior,Sales,Analyst,1,14,6,42,5,3,3.6238870978812203,2.663091035344223,6,0,Full-time,Urban,Medium,1,44807.59634029429
59,24,Bachelors,Mid,Sales,Analyst,1,6,6,52,3,8,9.253164038518458,7.029726573283458,6,3,Full-time,Semi-Urban,Medium,2,102984.8359264586
31,4,Bachelors,Senior,Finance,Manager,5,16,2,35,6,11,5.411095982287609,1.9870102359476478,9,3,Full-time,Rural,Large,2,67805.50826542478
28,14,Masters,Senior,Sales,Manager,4,18,1,54,0,10,3.097397829370202,6.207734011463215,4,0,Part-time,Urban,Large,2,89627.67864312607
54,12,Masters,Senior,Sales,Engineer,1,7,5,43,19,9,1.446831834523069,2.483083500196047,9,2,Contract,Rural,Medium,4,53808.532034758326
46,19,Bachelors,Mid,HR,Manager,2,16,6,46,2,9,8.242085182360473,7.332846078539994,0,4,Part-time,Rural,Large,2,83245.50047660846
21,9,PhD,Junior,HR,Analyst,4,15,4,46,1,11,3.155202025743142,5.521065590650572,2,0,Full-time,Semi-Urban,Medium,2,78572.48073452382
42,5,Masters,Junior,IT,Engineer,5,11,7,47,16,8,4.093475717547946,3.009282446883145,8,0,Contract,Urban,Medium,2,53659.614653807716
26,19,Bachelors,Mid,Finance,Engineer,2,15,8,39,5,8,5.505353203926904,6.541387225446655,7,2,Part-time,Urban,Medium,5,79962.0178744629
34,18,Masters,Junior,HR,Manager,3,1,5,59,4,10,1.342342447238813,2.8210662398585185,7,3,Part-time,Semi-Urban,Small,4,74908.62193506904
59,14,Masters,Junior,Sales,Clerk,3,6,5,59,4,14,1.781707408763395,6.126451761506866,1,4,Full-time,Rural,Large,3,86313.44952257164
48,9,Bachelors,Junior,HR,Analyst,5,2,5,46,10,11,5.392838668432012,4.197029314656346,0,4,Part-time,Urban,Medium,5,88051.27384601963
32,27,PhD,Senior,Sales,Analyst,1,8,4,55,0,13,5.01342244934509,4.636595125810803,8,0,Part-time,Rural,Medium,1,110410.33660031806
50,10,PhD,Junior,Finance,Manager,2,4,8,57,13,3,5.918406837091899,9.314301532787645,4,3,Part-time,Rural,Small,4,90100.56867643708
39,21,Bachelors,Senior,Sales,Manager,4,13,8,32,9,2,1.6779208523485984,1.2673255147925793,8,0,Full-time,Rural,Large,1,103854.71147009969
29,13,PhD,Junior,HR,Analyst,3,10,0,37,7,3,2.0830034301853484,7.2970351495852395,8,4,Contract,Semi-Urban,Large,1,90867.44560968762
51,28,Masters,Senior,Finance,Clerk,1,17,5,46,3,3,9.23634254895903,6.957881220343067,2,1,Full-time,Rural,Small,4,99057.80001337071
25,18,Masters,Senior,IT,Analyst,5,1,9,55,14,13,7.518521609247143,4.6835579661785385,2,0,Full-time,Rural,Large,1,94715.7911686614
26,29,Masters,Junior,IT,Analyst,1,10,1,33,0,14,6.576695143881305,4.702585370277223,9,1,Contract,Urban,Small,5,115291.79758821399
34,5,PhD,Mid,Sales,Manager,4,18,3,36,12,11,9.922401909790057,7.346280666833797,3,1,Full-time,Urban,Large,4,62708.938709990616
28,21,Masters,Mid,IT,Manager,4,12,6,58,6,8,9.631163688880084,1.3591226187347525,3,2,Full-time,Rural,Large,5,111467.11083136179
57,4,Masters,Senior,Finance,Engineer,1,18,6,50,11,7,5.981129070705709,2.1325822514850223,3,3,Contract,Semi-Urban,Medium,4,68909.22777248773
39,16,Bachelors,Junior,IT,Clerk,4,10,5,52,11,4,5.77170756776649,6.371175319401849,4,4,Part-time,Semi-Urban,Small,4,98155.11795104871
52,1,Masters,Mid,Sales,Clerk,2,15,8,47,7,1,7.68119999716446,8.016237116161655,4,1,Full-time,Semi-Urban,Large,4,51450.684536558445
31,21,Bachelors,Mid,HR,Engineer,1,6,9,51,1,7,6.29730003299567,7.168184348219785,9,2,Full-time,Rural,Large,3,93604.1212508594
54,2,Bachelors,Mid,HR,Analyst,3,17,6,43,19,3,9.693154030969017,8.857797452681263,6,3,Contract,Rural,Medium,3,53645.51097418653
50,17,Masters,Senior,IT,Analyst,5,6,4,44,1,8,2.4922117407201956,3.157928017813826,9,0,Part-time,Rural,Large,5,75468.7253620968
27,0,PhD,Mid,Sales,Clerk,3,19,8,37,7,11,7.735578480721726,5.23277143172452,5,0,Full-time,Urban,Small,1,59655.90419879115
24,17,Masters,Junior,HR,Clerk,4,3,1,41,7,11,9.890037469468396,3.5146395633503618,0,4,Contract,Rural,Large,2,97656.60494548883
36,4,Masters,Junior,Finance,Engineer,4,8,4,33,16,11,8.146764542366142,6.761617403218065,0,1,Part-time,Urban,Medium,5,83030.70542622783
34,12,PhD,Senior,HR,Analyst,1,16,6,46,1,9,3.6236238147797137,4.419688698107545,3,2,Contract,Urban,Small,3,71162.25025250876
